ID,RA,Dec,z,SNR,f_X_erg_cm2_s,f_X_Error,L_X_erg_s,L_X_Error,T_X_keV,T_X_Error,log_M200_Msun,log_M200_Error,R500_kpc,Flag_Contaminated,Flag_FalsePositive
65,150.2611777,1.918038983,3.740000009536743,2.1140255894501965,2.62151475449151e-16,1.5014713829044006e-16,1.905721276543925e+44,9.014655669516062e+43,2.06297146030047,0.46887538304809334,13.53924368552354,0.13147828948010434,175.018071164056,False,False
150,149.934471,2.544000487,3.4719998836517334,3.3430976945013398,2.438773333846002e-16,1.5573832407904007e-16,2.4676394100209403e+44,7.381296137650012e+43,1.9353844583309514,0.4904455152930792,13.656068863944167,0.0831409949147598,202.65138680258102,True,False
375,150.0826307,2.415798044,3.121999979019165,4.955345494265498,8.461126621717261e-16,2.0397089439694044e-16,2.5246666706860878e+44,5.094834807396824e+43,2.756847432719352,0.26372554439115775,13.740625484911845,0.056090633587452775,234.08859023251603,True,False
520,150.1795707,2.075909546,2.99399995803833,3.2444913367508286,4.87410751626431e-16,1.7833845593348436e-16,1.344497634507627e+44,4.143939665605839e+43,2.243834016690805,0.32579175123739923,13.625016736792908,0.08566781031889902,220.85734735140056,False,False
1018,150.0868399,2.370878847,2.552999973297119,3.1845755123970245,5.517569577868799e-16,1.8198217341845352e-16,7.761961285840118e+43,2.4373613549511036e+43,2.1354612035743257,0.27949379718096773,13.609919085741659,0.08727959733913479,244.28504119666434,True,False
1070,150.2385882,2.335949531,2.503999948501587,3.3943906260433936,4.984254324200985e-16,1.5435139963264937e-16,6.698335324456079e+43,1.9733542960740102e+43,2.0417068022706513,0.2509014738991147,13.588959003873317,0.0818846441200748,243.588506916056,False,False
1163,150.1050682,2.416419361,2.4739999771118164,8.172958272984298,2.5173584255227066e-15,3.0309421211455363e-16,2.3457491595477388e+44,2.870134755614267e+43,3.466116770783297,0.16560568315339264,13.887817359662955,0.03400830631141718,308.907626441814,False,False
1199,150.2482992,2.331919611,2.4690001010894775,2.0004660005957953,2.330989039561802e-16,1.2878436971756334e-16,3.5292342578062664e+43,1.7642060683636517e+43,1.5745053176398873,0.34519660543661324,13.449883619124108,0.1389418607141037,221.02698995867104,False,False
1201,150.071522,2.41415537,2.4679999351501465,3.508444998091297,8.211815575201044e-16,2.2194618532632418e-16,8.486539560304192e+43,2.4188891559996335e+43,2.388547723696819,0.2561780290703713,13.653653380602137,0.07922269511686623,258.51609785439985,True,False
1203,150.0764779,2.38063121,2.4670000076293945,3.8020281293629434,6.274013418978193e-16,1.8232166523051876e-16,8.108353794043866e+43,2.132639085814044e+43,2.1843628438211584,0.25189356639031074,13.643354328806442,0.07310531615258023,256.5509364331614,True,False
1206,150.101524,2.376688797,2.4660000801086426,5.25126435459405,1.3418570214347203e-15,2.544048073680905e-16,1.2571215950135654e+44,2.3939407923994103e+43,2.808968654797411,0.21133207772664064,13.745333218071917,0.05292981835411102,277.51446573498873,True,False
1237,150.090414,2.39885915,2.45550000667572,9.589517311025102,5.207472840510846e-15,4.920817838410748e-16,3.9163842879168544e+44,4.084026506124739e+43,4.390082758321545,0.16461994085365486,14.011766423572004,0.028984615117021873,341.4669529095201,True,False
1653,150.1317192,1.917060413,2.2079999446868896,2.412495767448281,4.0098299293257583e-16,1.9505676584089683e-16,4.1333493571141633e+43,1.713308438872846e+43,1.7640294782075827,0.34051822698473905,13.560345974153392,0.11521200251143643,259.03157315837177,False,False
1718,150.0542989,2.233331427,2.1760001182556152,2.053212370465245,2.7478932620662685e-16,1.678285689650481e-16,2.8754083245936743e+43,1.4004436978636188e+43,1.5429864958204642,0.3739621230215157,13.48556776041262,0.13537248869930574,246.89232329357137,True,False
1754,149.9991319,2.46433419,2.1589999198913574,4.424765558486929,1.2781694690747868e-15,2.6841991987107335e-16,7.631862565077348e+43,1.724806086152754e+43,2.554892149291464,0.21291111475364025,13.716982298722549,0.06281654129334864,296.36531581484894,True,False
2173,150.39912,2.349949455,1.8020000457763672,2.091255554167504,2.0345443501253783e-16,1.3639196034300261e-16,1.41310029064508e+43,6.75718607335684e+42,1.2443173772728464,0.3310184765882776,13.436441699688062,0.13290985306132427,266.9352405552029,False,False
2198,149.8241025,2.175758439,1.784999966621399,2.1586454798819457,5.333487552836119e-16,2.4254145549320696e-16,2.0044011948885932e+43,9.285458003961873e+42,1.7019286226069354,0.30712523018464394,13.523042475052225,0.12876059130991807,286.8639961815366,False,False
2290,150.3683319,1.980210168,1.6890000104904175,2.258942723300209,4.057694078209828e-16,1.8429348613929971e-16,1.3792027149379581e+43,6.105523175563336e+42,1.501295672142159,0.27058042589778303,13.468012828574821,0.12304361042497418,283.860707034973,False,False
2331,150.1854696,1.784741608,1.6699999570846558,7.4757159409696,3.4708685045600402e-15,3.5395929098376587e-16,6.013475163101661e+43,8.044012387021909e+42,3.033910119783786,0.12277708717667718,13.81589295818301,0.03718018054897243,373.10589765536264,True,False
2358,150.0105362,2.255690957,1.659000039100647,3.8417774993936633,1.464910184873741e-15,2.9794791788149034e-16,3.0113755694376616e+43,7.838495513894122e+42,2.2705164402339992,0.1832540014400105,13.659186645179966,0.07234892402330664,332.050951465107,False,False
2611,149.8967834,2.49847045,1.5640000104904175,3.843354481652823,8.486168083068445e-16,2.0234461658433363e-16,2.0380066117564375e+43,5.30267666301756e+42,1.82462644318395,0.17264477877303167,13.601014328198291,0.07231923824485485,328.01495810467037,True,False
2668,150.4146021,2.109105901,1.5479999780654907,3.0538103185185244,5.553110537550991e-16,1.8879476591898764e-16,1.5043878237546183e+43,4.926264786754773e+42,1.575071106181169,0.2124972212852066,13.536134817809417,0.09101693930778273,313.814134189707,False,False
2717,149.9288241,2.362355196,1.5329999923706055,2.57975725872435,4.188322987891485e-16,1.6359036765564864e-16,1.0674693865811658e+43,4.137867557000355e+42,1.4255988300880909,0.22096035169362702,13.461766734302202,0.1077421015012561,297.9525502269827,True,False
2718,149.9516234,2.425096538,1.5329999923706055,2.3231477603732866,4.0602566761411534e-16,1.6741530360584447e-16,9.740684490397674e+42,4.192882026941123e+42,1.411014716720664,0.23087274590632031,13.440530135520028,0.11964304344266938,293.1353812858287,True,False
2813,150.4041309,2.407586517,1.5140000581741333,10.047644769737955,2.6488186902374445e-15,3.2339774903296036e-16,6.39000697525014e+43,6.359706301018833e+42,2.6044367761951044,0.1261821836985213,13.88341655639712,0.027663046891866782,414.55025825822855,True,False
2926,150.3496271,1.874423247,1.468000054359436,2.118940175907236,3.290930847929392e-16,1.6203856476620362e-16,7.856970461138709e+42,3.707971820287329e+42,1.2795437334388775,0.25000818350803083,13.413476035416526,0.13117334390956834,293.73865379811957,False,False
3141,149.9248182,2.501049847,1.4259999990463257,10.539239847279308,1.0851161435260541e-14,5.93852420095873e-16,6.955698403082772e+43,6.59981033155667e+42,3.9946173762259023,0.08675149186233864,13.934182440567115,0.026372724451264214,444.65250758217496,False,False
3225,150.3381495,2.443793639,1.409000039100647,2.8055606309815655,5.71512705783943e-16,2.0189377558923181e-16,1.1317023453165643e+43,4.033783240395065e+42,1.4952411140809145,0.20960793969531233,13.51911963367013,0.09907056199346399,325.32174911746273,False,False
3237,150.1131511,2.365177477,1.406000018119812,7.36580326490221,3.605482115732944e-15,4.3215871906434287e-16,3.6935801006261307e+43,5.01449735730237e+42,2.7477652500530034,0.13069501411659973,13.794540592220999,0.03773498400948281,402.33544864093165,False,False
3264,149.8788372,2.274849414,1.4010000228881836,2.0467708807621614,3.141455371043755e-16,1.5271094676843423e-16,6.146186784675867e+42,3.002869956009534e+42,1.2218530398727905,0.2356989827915084,13.38040418301558,0.13579852587827554,293.3080288214163,False,False
3273,150.2094192,2.565921064,1.3975000381469729,3.3472075221836723,6.048713711858874e-16,1.7754449861455367e-16,1.158910055885362e+43,3.462319106911259e+42,1.51536190325789,0.1765062199092279,13.528760751203768,0.08303891126438175,329.0966779387,False,False
3287,150.1406286,1.932980282,1.3849999904632568,2.0346130157920386,3.64766068670096e-16,1.7956488638229334e-16,6.974781977545629e+42,3.4280631861732545e+42,1.2740925235503275,0.24888997782550054,13.415498447217182,0.1366099922986489,303.05965080393673,False,True
3325,150.2827754,2.269912196,1.3680000305175781,4.260382913653684,1.1563326952800443e-15,2.191273250357471e-16,1.3816193208005485e+43,3.2429463473171204e+42,1.8516457960689312,0.13924227308992812,13.580179343428973,0.06524025517220794,346.01526206235246,False,False
3374,149.9830819,2.668450938,1.3569999933242798,2.014364931912855,3.693393746744833e-16,1.7477532967573289e-16,6.289377651650534e+42,3.122263276137407e+42,1.2621215146888294,0.23700371286043262,13.401645950187287,0.13798317475381155,302.91443675808216,False,False
3462,149.9740113,2.565819811,1.3270000219345093,3.8082565392912735,8.010634608931822e-16,1.9945097566325538e-16,1.0917823090064373e+43,2.86688225370873e+42,1.6068030127396982,0.15875643542303827,13.54050239083773,0.07298575228595497,340.69295455943876,False,False
3534,149.8811888,2.45072683,1.315000057220459,7.539574856531406,4.073405153170659e-15,4.500811993960481e-16,4.087700820710136e+43,5.421659574304816e+42,2.7364888892908157,0.11998484976318513,13.85108792058201,0.036865270748959955,434.31454629024773,False,False
3584,150.3756614,2.459976436,1.2680000066757202,2.4081630090468575,1.2538898382634688e-15,3.626046308517011e-16,1.1202185676244635e+43,4.651755563955124e+42,1.807724820513491,0.20744632411044994,13.568207824054209,0.1154192915404394,355.67650183333694,False,False
3744,149.9953586,2.159353658,1.2510000467300415,2.356992723522209,7.726409339677359e-17,1.1266894993832454e-16,5.3122512187209296e+42,2.253825888262601e+42,0.7118974045192459,0.4119489521534828,13.401486498898642,0.11792504306195924,314.94205384449447,False,False
3880,149.8660938,2.063923325,1.2350000143051147,3.4962773547400823,6.132937259566416e-16,2.1321133227265435e-16,9.298341294313863e+42,2.6594976172893222e+42,1.401337632474286,0.19332321382475412,13.537297190631495,0.07949840364959952,351.64002990556594,False,False
4038,150.1876116,1.998995565,1.1920000314712524,2.6079351042685244,6.950859865021398e-16,2.6228400426112903e-16,7.090339553504099e+42,2.718756130817451e+42,1.425859990657988,0.2135057691889514,13.490575385828405,0.10657798499784386,344.7878133015081,False,False
4046,150.4031586,2.39006303,1.1890000104904175,4.59181619581104,2.1069255554776128e-15,3.338644671921736e-16,1.475005359083637e+43,3.212248261220114e+42,2.054960768770722,0.1292182941863905,13.661600516239432,0.06053127053988883,393.5982078804505,False,False
4098,150.120981,1.998544605,1.1770000457763672,3.971649873221772,8.444558884223934e-16,2.3175352243745376e-16,9.206245320403602e+42,2.317990158819203e+42,1.5076895821627736,0.16419531776716825,13.55681572636599,0.06998312471905069,364.8374518874177,False,False
4162,150.2859791,1.95200277,1.1720000505447388,2.367967726806317,4.335014433090915e-16,1.7742304223824698e-16,5.0460326954710637e+42,2.1309550119066268e+42,1.2054721642607755,0.19578351423887597,13.419255394735895,0.11737848673847884,328.9048258407327,False,False
4229,149.8032257,2.118848899,1.1660000085830688,2.8534867308327025,7.347421913996204e-16,2.1873434507848435e-16,6.130067206509149e+42,2.148272546801112e+42,1.43056015771824,0.1690003428049427,13.466666342216556,0.09740660975037033,341.8725435830633,False,False
4307,150.1706564,2.218211197,1.156999945640564,3.545213333217282,5.432736572241077e-16,1.9330521495914036e-16,7.24689037373678e+42,2.044133791847224e+42,1.2876048279000016,0.18180548396020427,13.508904064395649,0.0784010558162498,354.3491376123296,False,False
4473,150.1155955,2.416516099,1.11899995803833,5.361380826262627,1.765770047400017e-15,2.619699471288199e-16,1.0632216390743289e+43,1.9831115780213875e+42,1.8591296066262317,0.10945269339298704,13.61232023262433,0.05184270198762147,389.2399470735591,False,False
4777,150.1298443,2.606321584,1.0160000324249268,2.909458061051423,8.085605221410978e-16,2.385349918412832e-16,4.4213701915772194e+42,1.519654210096921e+42,1.3421523779228715,0.15712339268209496,13.448719940750314,0.09553272897758691,357.31060074731613,False,False
4780,149.7905138,2.294922893,1.0169999599456787,2.5734626749428497,7.280194516447603e-16,2.243320341958863e-16,3.741864177572622e+42,1.4540192146582116e+42,1.2972156593498094,0.1586207332322908,13.409627502809457,0.10800563424696015,346.6130224518137,False,False
4810,150.1173164,2.320047557,1.0049999952316284,4.1456100330741785,9.30779663413601e-16,2.1411757305257895e-16,5.611181169721764e+42,1.3535236370413718e+42,1.3954886733220184,0.1273887867407984,13.508299746602026,0.0670464578676177,375.6473934762367,False,False
4836,149.8829954,2.171242918,1.0010000467300415,2.477730124229494,5.262676958272335e-16,2.3853524187245286e-16,3.9151689595295385e+42,1.5801434229028668e+42,1.1521501131648701,0.20723082967412332,13.426395978482143,0.11217866937970715,353.3146886672625,False,False
4837,149.9535493,2.386662893,1.0010000467300415,3.3875073901216726,4.3724220447407563e-16,1.930486986573448e-16,4.612763979566887e+42,1.3616985731214025e+42,1.0835738727995956,0.18984658401359408,13.464425335138378,0.0820510293877463,363.77943604035147,False,False
4931,150.3228613,2.281242586,0.99099999666214,4.630537379030573,1.2404038149279278e-15,2.4428803437392363e-16,6.536240702731445e+42,1.4115512234780493e+42,1.5196309334751832,0.11876177678925362,13.549187825313712,0.060025099824649514,389.76326434199854,False,False
4957,150.2131051,2.160305994,0.9819999933242798,2.585713771096758,5.491582830022308e-16,1.877784559864607e-16,3.0333966289661906e+42,1.1731370513138982e+42,1.152849107272788,0.15643003845694628,13.374679412960814,0.1074939042074198,342.11470966538076,False,False
5052,150.277992,1.869574565,0.9679999947547911,2.0305974325841225,3.0094379235306935e-16,1.5434964294201e-16,2.2663120093578085e+42,1.1160813921022826e+42,0.9351403540220583,0.19032528877324997,13.312582183062695,0.1368801437241876,327.9997421766518,False,True
5079,150.0031615,2.155185953,0.968999981880188,2.2643237907036116,4.1284623243861936e-16,1.7016582034083788e-16,2.4593258560789198e+42,1.0861193377801828e+42,1.039101952409966,0.16995800559236704,13.331144137403829,0.12275120261476033,332.57465073349505,False,False
5090,150.2962318,2.03426429,0.959999978542328,2.815458447145573,6.224916184131446e-16,2.02465154941913e-16,3.2244959667189483e+42,1.1452827407160189e+42,1.1826272759613674,0.1526385150988332,13.397524760221287,0.09872227689947852,351.2062004000328,False,False
5102,150.1351556,2.122581107,0.9639999866485596,2.422506736204922,3.096306351269805e-16,1.2841526339130375e-16,2.2086321144993623e+42,9.117135079506055e+41,0.9412348210303969,0.15490668781381475,13.30818167298149,0.114735890829147,327.4113073733751,False,False
5131,150.1217943,2.118751501,0.9584999978542328,2.2188396215517723,3.3063049728693115e-16,1.6245116052863395e-16,2.290351178244454e+42,1.0322292589324998e+42,0.9580256659442316,0.18679124265528116,13.318780639696367,0.1252674892400265,330.8049893449481,False,False
5324,150.0204456,2.209522062,0.9325000047683716,3.980355287443496,1.5859157638838385e-15,3.350309274998722e-16,6.536499004694026e+42,1.6421898380062173e+42,1.579010864885242,0.13236993670431668,13.572301829908087,0.06983006499316846,406.03159184514146,False,False
5329,150.0138224,2.19966176,0.9409999847412108,5.340541030144681,1.4857189891598385e-15,2.7285244503819427e-16,6.856789635609458e+42,1.2839129213512847e+42,1.5552407315550967,0.11334131752914368,13.580025974776797,0.05204500196687959,407.0686153151816,False,False
5336,150.0306389,2.315167328,0.9380000233650208,3.3558411896725104,6.578759094013548e-16,2.0462471056366545e-16,3.664494669320094e+42,1.0919749958959484e+42,1.1848506231623015,0.14624369629268202,13.435899356105404,0.082825274710096,364.8740000008872,False,False
5337,149.9900556,2.431034299,0.9399999976158142,2.288876497239349,4.294801133373177e-16,1.6591393306184143e-16,2.1744789921794834e+42,9.500202369163028e+41,1.03037490468889,0.1579554195582217,13.314061653972889,0.12143445430687033,332.0361121143498,False,False
5338,150.0616988,2.188671735,0.9380000233650208,2.758101447650588,7.008414620336912e-16,2.208042016647711e-16,3.2982096652435774e+42,1.1958260882873127e+42,1.2099336339730251,0.15126851904381272,13.411474603304185,0.10077528825302774,358.09753661609835,False,False
5391,149.9383506,2.090324954,0.9375,2.3316850483039984,3.4900926550125357e-16,1.5678789813705203e-16,2.1803367985557828e+42,9.350906118910433e+41,0.9601474975764202,0.17116422377118953,13.315676728869112,0.11920497951481612,332.77829222096744,False,False
5401,150.1411421,2.272738564,0.9369999766349792,2.6344766764444283,3.769517558708192e-16,1.6438340945919954e-16,2.5748657402757512e+42,9.773727599482374e+41,0.9845759893418415,0.17038090195449757,13.354449235655935,0.1055042433676843,342.89838881308816,False,False
5408,150.3926019,2.077955144,0.9369999766349792,2.668308114003815,5.641157303102039e-16,2.1501719870599803e-16,3.1498381590380703e+42,1.1804626843905656e+42,1.1251840267395072,0.17018763640592927,13.401195683552366,0.10416655668786971,355.42469039670453,False,False
5424,149.985001,2.317489013,0.9290000200271606,6.899644949719343,2.3369612453185604e-15,3.271284069521249e-16,1.0260729301513607e+43,1.487138740658095e+42,1.790509999720986,0.09945874122297506,13.678273756979673,0.04028445962706925,441.0505839831065,False,False
5565,149.9756584,2.309604921,0.9300000071525574,4.828769709368089,1.7610009396585455e-15,2.920957063671819e-16,6.535714074222824e+42,1.353494672057598e+42,1.6316091558520862,0.10739428683887195,13.573266265492654,0.05756092858991498,406.73648292211095,False,False
5613,150.4599548,2.476675568,0.9269999861717224,3.5622600387481684,9.678686496294012e-16,2.1493257341035513e-16,3.628372472704264e+42,1.0185591262953755e+42,1.335195242106964,0.11766032701395372,13.437967023695741,0.0780258783454103,367.05555348262004,False,False
5622,150.094196,2.198128492,0.9259999990463256,6.055211167135515,1.6272576551341755e-15,2.902210460316926e-16,8.211608786681691e+42,1.3561226124119276e+42,1.5846256303990593,0.11214985466939269,13.627796872206183,0.045902357613329565,424.79683457092483,False,False
5749,150.1654335,1.807210544,0.9190000295639038,3.5016332809659105,8.532103267086279e-16,2.273270500885566e-16,3.9819338354466715e+42,1.137164721700461e+42,1.2727240952038756,0.1345639536034359,13.462712062988558,0.07937680679725839,375.28720536060706,False,False
5794,150.2438081,1.763772437,0.9139999747276306,2.9115468788545673,1.1224782327050943e-15,3.960876837202628e-16,6.298287866807661e+42,2.1632101864990314e+42,1.3883255512796986,0.19440354777360894,13.571043666581364,0.09546419136738371,408.6391090076765,False,False
5926,150.3136022,2.001697334,0.8989999890327454,4.685586931751591,1.1756129430856934e-15,2.6642212844986836e-16,5.4997781174818703e+42,1.1737650368223804e+42,1.3932116229698142,0.12529175219704164,13.54557688986671,0.059319882965905624,403.13618674130134,False,False
5929,149.9671237,2.441569241,0.8980000019073486,4.681525188082677,1.1954110119674509e-15,2.413173667438794e-16,4.821756895887963e+42,1.0299542781831574e+42,1.3998244559672666,0.11213581952743376,13.515460799145888,0.059371349560529696,394.08206908142114,False,False
5930,150.219248,2.191887213,0.8980000019073486,2.1204170179174007,3.31334525144136e-16,1.8317124280946133e-16,1.9788935999671807e+42,9.332567996038728e+41,0.9152790537324896,0.2007906950539653,13.30890337966965,0.1310819834350662,336.30567938507556,False,True
5957,150.442191,2.141262842,0.8970000147819519,4.066025445150189,1.3017850711718873e-15,3.0418659423724944e-16,5.080927864397564e+42,1.2496055258232373e+42,1.4387553777834836,0.13340963710360995,13.528002565948837,0.0683587626707079,398.0529776393458,False,False
6025,150.4794507,2.40439496,0.8939999938011169,2.8795809545927957,1.4213794146969135e-15,3.936323657952278e-16,4.940784669268812e+42,1.7157998844896144e+42,1.4777022133645077,0.16239294656836673,13.52271266103613,0.0965239292803234,396.91597321620986,False,False
6129,150.0650158,2.405946389,0.8920000195503235,3.292184810719661,1.0081850856858692e-15,2.25632813631826e-16,3.071576785323016e+42,9.329903884258487e+41,1.3167334863330293,0.11693898774802741,13.413266763439283,0.08442675135158115,365.2279984858124,False,False
6133,149.9603106,2.656892121,0.890999972820282,2.0634131589753473,4.984821654101718e-16,2.07329375588819e-16,2.0875236037569793e+42,1.0116847392761636e+42,1.041984747998173,0.17197766027935507,13.324091574339455,0.1347032547549058,341.2029474840665,False,False
6140,149.9527808,2.42672269,0.8914999961853027,2.774176990133656,7.523024391104809e-16,1.9949042437477504e-16,2.4394148141272346e+42,8.793291930554537e+41,1.194598328519964,0.1257045351206442,13.360021988534431,0.10019132499714443,350.67329075225416,False,False
6169,150.2056429,2.559180887,0.8899999856948853,2.792714065751071,6.079675025761343e-16,1.8286295975215737e-16,2.397309158090859e+42,8.58415541888327e+41,1.1119005363698706,0.13271217842553662,13.356582755477845,0.09952628943533816,349.9588302806712,False,False
6174,150.0827572,2.531346782,0.8820000290870667,8.520018404796533,2.1963854763477758e-15,3.2678241251030244e-16,1.0988742821333517e+43,1.2897557609907464e+42,1.6903319581200802,0.09979793915706889,13.712899205535665,0.032622989201713914,461.5091427931218,False,False
6300,150.2080921,2.279402618,0.8790000081062317,3.0869350248121172,7.198880582893537e-16,2.4412631946653997e-16,3.5628976906242394e+42,1.1541861626456137e+42,1.1654692116166128,0.15683749551396486,13.45287616447649,0.09004027172065215,378.4670466270472,False,False
6330,150.4083338,2.512770122,0.8755,7.934034434073754,2.667839485874623e-15,3.0593030913716817e-16,8.58588546055575e+42,1.0821588350666257e+42,1.7932275163216023,0.08160140998436882,13.658269786495708,0.03503242527211565,443.7128534270808,False,False
6510,149.898851,2.573151107,0.8600000143051147,3.012731162945969,9.065145225364481e-16,2.6267415353586857e-16,3.194392105785756e+42,1.060297760740839e+42,1.2383517213227977,0.14239214976592582,13.435163489763678,0.09225797237955076,376.2144393889325,False,False
6523,150.0932047,2.203562643,0.8560000061988831,5.660755817196586,1.4415822883232056e-15,2.782091888462099e-16,5.953666842240992e+42,1.051744154756611e+42,1.4391292330504082,0.1102126098146388,13.58117013915826,0.04910094648027609,421.5048617154152,False,False
6547,150.3979691,2.461591401,0.8519999980926514,9.34696363001437,5.7208435210015104e-15,4.179852998597907e-16,1.0743068464320073e+43,1.1493645305115578e+42,2.2638962093524304,0.06563823749121833,13.719673013328705,0.029736765801201038,469.5359148301738,False,False
6587,149.8419298,2.267293887,0.8500000238418579,4.689499261569652,1.3622040883137822e-15,2.8106612039526167e-16,4.628700429991317e+42,9.870351122396841e+41,1.4052677230806268,0.11506012730053744,13.525193928648115,0.05927039389809974,404.75468616085743,False,False
6778,150.1180284,2.415316926,0.8370000123977661,4.129882168555689,1.184862181476425e-15,2.2589704994870094e-16,3.227323894564957e+42,7.814566524772359e+41,1.3270374683926405,0.10039807039051103,13.446777776907071,0.06730179144924267,383.1127585277891,False,False
6971,150.3697785,1.999887457,0.8270000219345093,4.156823716759421,1.425344574424707e-15,2.5876604008944355e-16,3.497742837128162e+42,8.41446035593478e+41,1.398598447970533,0.10075808717169968,13.469463366927544,0.06686558953593645,391.41702299252944,False,False
7001,150.2942493,2.029000063,0.824999988079071,2.8314819078895432,5.229648887962232e-16,1.911813709937629e-16,2.094771598270705e+42,7.398145799321218e+41,1.0017199671421475,0.14531780511046866,13.351364028944374,0.09816360388657798,357.7863451473942,False,False
7051,150.1890572,1.786505217,0.8090000152587891,7.105159357944403,3.985045725511973e-15,3.807191565820209e-16,7.265059981312021e+42,1.0225048609485206e+42,1.934820683142421,0.07335193945598255,13.646248530367384,0.03911924482134269,451.5703033190239,False,False
7083,150.3008379,2.165807705,0.800000011920929,2.0592062044637363,3.638391555385551e-16,2.0600058976910499e-16,1.6900627578378047e+42,8.207350746002317e+41,0.8687820329259324,0.19519528310397743,13.311653736011253,0.13497845325814037,350.56998610258154,False,False
7181,150.0300365,2.358980346,0.7860000133514404,5.047394603858579,2.1440057638522806e-15,3.424653325221557e-16,4.654250523132571e+42,9.221095017168936e+41,1.5432058609370354,0.09781692125943643,13.552259139764246,0.05506771121195833,424.07110725965373,False,False
7368,150.1117314,2.586652245,0.7540000081062317,2.4848815632017125,4.696913518600952e-16,2.0527571693870553e-16,1.5857028794520912e+42,6.381402248439357e+41,0.9056230585218432,0.15706229704372726,13.315482811905628,0.11185582143398051,358.2226428788512,False,False
7565,149.94701,2.342763489,0.7419999837875366,3.8178672560959286,1.0145800098153504e-15,2.0565620202041292e-16,1.9698874488172332e+42,5.159654112310859e+41,1.1550974812105945,0.09291238451744899,13.370666754515083,0.07280202526012007,375.5488584604606,False,False
7570,150.2970826,2.375522879,0.7369999885559082,3.508928810668543,9.655935051163467e-16,2.3518843284825203e-16,2.009284153109243e+42,5.7262038118306004e+41,1.130727771002169,0.10928967645571332,13.377288577356449,0.07921177185841073,378.2309709970472,False,False
7621,149.9512763,2.48094177,0.7329999804496765,7.397709637951302,2.723843329100654e-15,3.783289312867399e-16,6.517246102377543e+42,8.809816039471385e+41,1.5876923875130344,0.08750910683819918,13.651818821201221,0.03757223276136251,467.707232255421,False,False
7670,150.0469728,2.61942346,0.7360000014305115,2.1902338014576648,5.954851581147701e-16,2.7432450966404614e-16,1.5503919780933705e+42,7.078659716882915e+41,0.9625344645502587,0.17595816249559829,13.317561684824122,0.12690356081305026,361.4305277692957,False,False
7703,149.9451669,2.48577667,0.7329999804496765,6.809615265227912,3.2710319262402852e-15,3.974790346978036e-16,5.990979131003836e+42,8.797823221519879e+41,1.686909353259278,0.08134308679075852,13.632290956431634,0.04081705905433096,460.7494201034365,False,False
7802,150.3218834,2.169675254,0.7329999804496765,2.1840000847573244,3.9304175306868e-16,1.7020846751665945e-16,1.0904075962509283e+42,4.9927085802841856e+41,0.8363238774906633,0.14371974198253856,13.237150182944251,0.12726577730374283,340.21323622814697,False,False
7817,149.998109,2.453550341,0.7289999723434448,4.664219554632169,1.654357723932276e-15,2.7556482272672696e-16,2.843623823376347e+42,6.096676603810951e+41,1.3406737699280826,0.08861697585067327,13.461086196416037,0.059591634819600774,404.67246025433775,False,False
7829,149.9602168,2.440124415,0.7310000061988831,3.754380436564728,9.139021161597042e-16,2.1863287037091492e-16,2.0580728108392613e+42,5.481790792417418e+41,1.1037023796935044,0.10477730212543158,13.38528875964725,0.07403311228427477,381.4909643318279,False,False
7835,150.0065134,2.443368001,0.7300000190734863,4.910753652073995,1.6537513536869139e-15,2.7233018822635477e-16,3.051280072979832e+42,6.213465975209654e+41,1.341855195887716,0.08768608596284443,13.477027007195996,0.05659996165775757,409.48731384453754,False,False
7926,149.9232116,2.52520409,0.7289999723434448,26.316879932103923,4.5880670713278995e-14,1.17530606882224e-15,5.175791892101657e+43,1.9667194232199675e+42,4.028448286123884,0.040950430594512,14.134032156262155,0.010561604154260405,678.2955528621295,False,False
8071,150.0842049,2.519036369,0.7269999980926514,4.6075035886543825,3.6039133509093834e-16,2.1149982511875699e-16,2.917091347517488e+42,6.331175421546274e+41,0.8077805207175525,0.1881172005890276,13.467814469382489,0.060325176762207534,407.09898906096595,False,False
8106,150.135787,2.074855935,0.7260000109672546,4.059256790372811,8.086032018565399e-16,2.0350280081021926e-16,2.097553572617618e+42,5.167334024278306e+41,1.0545531444964014,0.10531806332454403,13.391726395693958,0.06847274828172517,384.1617824638295,False,False
8162,150.2315564,2.346369253,0.7229999899864197,3.9960631333366408,8.631538848227264e-16,2.000670434538156e-16,1.94801080712879e+42,4.8748249017333104e+41,1.0743387529079733,0.09881617192850072,13.375790777465513,0.06955557486050007,379.95558892110665,False,False
8177,149.9474482,2.516934567,0.7250000238418579,2.291919338612132,1.300566969207282e-15,2.414824508509586e-16,1.2472402568616237e+42,5.441902931963077e+41,1.2330312479695429,0.0908503065425126,13.271566197065255,0.12127323319606544,350.459304266334,False,False
8189,150.1463521,2.071186913,0.7239999771118164,5.066248752809244,1.446990644732922e-15,2.481463574576486e-16,2.9016425205105255e+42,5.727398440318509e+41,1.276079108009756,0.08683988486151487,13.467801481293193,0.05486277559189295,407.59252772989197,False,False
8271,150.3335225,2.281231584,0.7175000011920929,3.1270426150732997,9.949690285793458e-16,2.1533391554179726e-16,1.5208350949387412e+42,4.8634933454627455e+41,1.1198281802626264,0.09617312471409262,13.320611289783523,0.08888541111601252,365.016582428628,False,False
8274,150.2959073,2.429404793,0.7179999947547913,2.1848121767166875,7.752017150913376e-16,2.634551412766264e-16,1.1143558293692836e+42,5.100465116612109e+41,1.0315269204946895,0.13911436542391895,13.248281642376107,0.12721847277315118,345.2345505667076,False,False
8276,150.2190512,1.80284952,0.7170000076293945,2.429508904791884,9.978580020672277e-16,2.1947246133940823e-16,1.2464123162246228e+42,5.1303056093609695e+41,1.1203318100665218,0.09778166235359824,13.274662553621154,0.11440520669418609,352.43969040691576,False,False
8340,150.2797069,2.533825499,0.703000009059906,2.030476766229928,3.8352621498814957e-16,1.7635971555936324e-16,9.597066483332905e+41,4.726508888428298e+41,0.8045679272272989,0.14681367523719133,13.219728136571607,0.1368882781821531,339.8218374438691,False,False
8348,150.069005,2.592122801,0.7039999961853027,3.4527198307090115,1.5798365501312709e-15,4.391368667408719e-16,2.4428280986456e+42,7.075083465848337e+41,1.2870556058804143,0.14196605410049346,13.436010449623064,0.08050130970545755,401.02212571476434,False,False
8496,150.1698129,2.524068708,0.6949999928474426,3.0912002673758527,4.78736459429231e-16,1.8006310648020753e-16,1.3818097940552397e+42,4.4701399926711005e+41,0.8586240448295835,0.1281535792594729,13.307525834316316,0.08991603402455516,364.6984626541033,False,False
8573,149.9954004,2.470151791,0.6919999718666077,3.6458498565993787,9.489010218908449e-16,2.417155251525597e-16,1.9804089920242062e+42,5.431954331414537e+41,1.073517255019956,0.10851558597170648,13.39222031937622,0.07623694868151652,389.66988365374397,False,False
8577,149.8880322,2.57531153,0.6930000185966492,4.176739380448801,1.7504402965659481e-15,3.247430537410889e-16,2.7549043068976452e+42,6.595825250177863e+41,1.3162085941486548,0.0968984319333556,13.468368906709774,0.06654675887108256,412.9548314966077,False,False
8631,150.0895089,2.193378222,0.6779999732971191,5.86599591382619,1.5638671169238874e-15,2.792302385221001e-16,3.13854012666603e+42,5.3503960329540475e+41,1.2477619142080094,0.08840845153105566,13.504711324601047,0.047382997278084496,427.24263701311503,False,False
8698,150.216733,2.415213749,0.6819999814033508,2.7040654938712096,-1.4042700921729583e-18,3.8193733220056644e-18,1.1115237298582307e+42,4.1105651189940105e+41,0.0004567656516744076,0.0,13.26233327210882,0.10278910368408385,354.1383735481456,False,False
8722,150.0586377,2.601893686,0.6805000007152557,2.264109460092538,7.938670642336758e-16,4.517702085024929e-16,1.4511069541785297e+42,6.409173141828666e+41,0.9995551765315368,0.22572311549580384,13.32477528586305,0.12276282278628031,371.7515779647702,False,False
8732,149.9822946,2.466893915,0.6779999732971191,3.137619312782055,3.539298132663697e-16,1.73627106778636e-16,1.35863619990551e+42,4.330149914524966e+41,0.7628900609367337,0.14851208578569333,13.310521390992427,0.08858578454236711,368.08202461068316,False,False
8771,150.175001,2.216710549,0.6774999797344208,3.6367365659660393,6.426846869057401e-16,2.040768406475508e-16,1.6541325160061324e+42,4.548397955150593e+41,0.9289976207675186,0.11706035343023154,13.35636775881485,0.07642799069342233,381.34262459744684,False,False
8836,149.9598464,2.239791198,0.6759999990463257,2.018717782751557,3.0404715617904753e-16,1.760740855460017e-16,8.855044709036244e+41,4.386469859579194e+41,0.723888373618994,0.16635105384887358,13.21205091278593,0.13768564917441367,341.5667624099831,False,False
9061,150.0444458,2.488228176,0.6679999828338623,2.919076862017058,7.640273087992417e-16,2.1979225502110369e-16,1.3003322889027919e+42,4.454601061803741e+41,0.9735795857503262,0.11114103095225614,13.304419765242788,0.09521793414717453,367.86070618213637,False,False
9134,149.9880538,2.325538408,0.6660000085830688,4.987983145376735,1.4278889095868807e-15,2.61604720437671e-16,2.3313539315227685e+42,4.6739410771338616e+41,1.194926734760608,0.08687441495916676,13.440641957703003,0.05572361820743244,408.7383478956339,False,False
9135,149.9980436,2.262317486,0.6589999794960022,3.1585767178219544,1.507551277123203e-15,3.990436121572422e-16,2.417759522517479e+42,7.65458539878266e+41,1.207165425234145,0.12679861724409805,13.451932951315538,0.08799801089198964,413.47595232758454,False,False
9241,149.8854296,2.176822389,0.6600000262260437,2.5510123995486915,8.232172857705355e-16,2.8493112227329067e-16,1.4091323824029187e+42,5.523816280360743e+41,0.9891141747375494,0.13585364415116064,13.326314034771782,0.1089561416742835,375.31848094973003,False,False
9598,149.9942356,1.972675323,0.6000000238418579,3.1348947281413264,8.282860035545112e-16,2.4146854277357087e-16,1.1697369668364804e+42,3.731343691818371e+41,0.9236775094774914,0.10685628392576725,13.307566231686916,0.08866277579371105,379.1332641828486,False,False
9624,150.0909059,2.457859687,0.5979999899864197,4.213890387993939,1.0967672866188392e-15,2.474328275025096e-16,1.4882145155812675e+42,3.531687771996713e+41,1.0111612854877268,0.090523788721626,13.364228921483594,0.06596006132717681,396.30910960778016,False,False
9799,149.9382864,2.496133881,0.546999990940094,8.47801483656409,7.695949049673688e-15,5.591565196708121e-16,3.510032356623943e+42,4.140158308624125e+41,1.8039493629838157,0.052010976914855164,13.583975528010164,0.03278461689160314,478.97781142500173,False,False
9852,150.386675,2.495473313,0.5379999876022339,4.371764982554476,2.2440473375850455e-15,3.2859919139976505e-16,1.5190826499655e+42,3.474758263601538e+41,1.1847537711937375,0.06884335633097993,13.393382500902275,0.06357809020549693,415.3130238644067,False,False
9929,150.0892153,2.300179082,0.531499981880188,5.243024593727005,2.1285362629226606e-15,3.2598355456792395e-16,1.680117921340746e+42,3.2044822436097593e+41,1.1537019538115747,0.07011448120449838,13.41938788251606,0.05301300107396625,424.8078019551957,False,False
10141,150.4022923,2.464143316,0.503000020980835,10.951088432279661,2.0241099783741982e-14,6.787490508866316e-16,3.4095107728479185e+42,3.113398995845903e+41,2.334137373960115,0.03105996780519566,13.595067657938003,0.02538089890670542,491.7901615602978,False,False
10197,150.2028677,2.455319974,0.49799999594688416,2.030404397502307,1.7621447193095187e-16,1.2252728265459816e-16,3.435977203002489e+41,1.6922624907773253e+41,0.4816188169984345,0.13289056109786626,13.064842469191776,0.1368931572252297,328.0337669532582,False,True
10346,150.0082555,2.27509357,0.4729999899864197,2.1812242440672964,8.249781724899556e-16,3.1307112817880043e-16,6.336829444203868e+41,2.9051710118477673e+41,0.7726380996357362,0.11635261257344388,13.216887895128973,0.1274277365906198,372.38677026899853,False,False
10462,150.198327,1.986507136,0.4410000145435333,7.6156621731805005,2.7406352373682314e-15,4.1325478437736647e-16,1.6883273108703492e+42,2.2169146588670954e+41,1.0911300127964416,0.06528939042829378,13.457021474151112,0.03649695352781154,453.5646339210538,False,False
10622,150.2271496,2.214333002,0.42500001192092896,3.7893335639207355,1.1209364574149632e-15,2.903340047982871e-16,6.051304625851056e+41,1.5969311024680318e+41,0.7894118589525162,0.0811371998948122,13.225448934567925,0.07335022471088405,382.15252476536864,False,False
10668,150.1132,2.56641945,0.41600000858306885,4.107785755116432,2.061113593585041e-15,3.2560082145185137e-16,6.4789664772474716e+41,1.5772406019904098e+41,0.9504722038015878,0.05958301070148368,13.244877521326883,0.06766381817062486,389.2938207232742,False,False
10778,150.4132345,2.408998015,0.38499999046325684,25.55123647328477,1.919476911596223e-14,7.279194196478206e-16,6.384121014469121e+42,2.4985565849793885e+41,1.8779066459942417,0.02826011152091373,13.787809381180535,0.010878082894684631,597.8882805097406,False,False
10800,149.8175429,2.281554107,0.3819999992847442,3.7392723159707137,1.3553362149714933e-15,2.698826676256687e-16,4.5741420469859346e+41,1.223270642111148e+41,0.7761817893948737,0.06133252714268552,13.177631840393033,0.07433223497281605,374.7525717526141,False,False
10824,149.8329798,2.252421234,0.3799999952316284,3.1006276160499717,1.2505062238300266e-15,2.7669224388099677e-16,3.95578412115854e+41,1.2758010993264614e+41,0.7528054843883645,0.06609876747232951,13.144736731130916,0.08964264750120884,365.6992722059783,False,False
10860,150.4410536,2.159770991,0.3770000040531158,2.8513688156390318,8.394982347829464e-16,2.8401851185656486e-16,3.0869406746744e+41,1.0826171127857316e+41,0.6558481615561753,0.08805005366300742,13.088403392849207,0.09747896059380484,350.64103850510395,False,False
11037,150.2148882,2.474069954,0.3720000088214874,5.08824013293565,4.0212949017321145e-16,2.0382820678962834e-16,6.144131976629776e+41,1.207516118757731e+41,0.5088906418373498,0.102358116130516,13.250018043206333,0.054625658608159926,397.73526311154194,False,False
11103,150.2124264,2.064469341,0.3729999959468841,4.441204605101998,1.361364451423799e-15,3.713057301909763e-16,5.3601641476349275e+41,1.2069167318878398e+41,0.7635943507429148,0.08264553807790846,13.217964490225462,0.06258402688738492,387.9160179798668,False,False
11191,150.2334198,2.207399197,0.3614999949932098,3.562134409988821,1.2971220722763738e-15,2.812835123947969e-16,3.707194637635032e+41,1.0407228394412737e+41,0.7340925112735662,0.06317040771070132,13.136975966859687,0.0780286301490104,366.1973329410967,False,False
11311,149.7861985,2.173226215,0.3549999892711639,2.9567789095324497,6.568040037116297e-16,2.2735266398675826e-16,2.956851151145058e+41,1.0000244325378455e+41,0.5781015693892593,0.0794086592724434,13.087077871383844,0.09400380512793656,353.3419291736388,False,False
11336,149.7750963,2.141203399,0.3540000021457672,2.2952193668308722,6.333140269404929e-16,2.7228635517812785e-16,2.866452844610928e+41,1.248879687072695e+41,0.5699703413298922,0.09724303125250558,13.080268872616001,0.1210988685590689,351.63856906703205,False,False
11392,150.3248305,2.484184158,0.3490000069141388,3.4076510086492444,4.91761989199045e-16,2.111206652075219e-16,3.17579651256793e+41,9.319606099648043e+40,0.5186354611687898,0.08835628672539081,13.105997821304678,0.08156600183310934,359.35776954312286,False,False
11455,150.3858452,2.41854524,0.3484999984502792,11.93703020780423,1.0590332226283282e-14,5.230786403585618e-16,1.5164747139729358e+42,1.2703953056778644e+41,1.4316585895079013,0.028060559372797566,13.468797296144107,0.023284557681387368,474.8380906245017,False,False
11720,149.8684751,2.444885578,0.3319999873638153,7.2115080911797165,3.6756267873550755e-15,3.992804140460287e-16,8.530282823427322e+41,1.1828708663393972e+41,0.9726367627814405,0.04192728485476449,13.341801089430346,0.038542349936213145,433.53345764272734,False,False
11871,150.2185041,2.499607505,0.31200000643730164,2.9260287197661174,7.784563405240725e-16,2.1611775668673892e-16,2.0052262144167203e+41,6.853064021111187e+40,0.5554507566512714,0.06119292495643349,13.01376180103961,0.09499170891265143,339.6727699318861,False,False
12055,149.8957379,2.423526434,0.28200000524520874,3.956422183702537,1.7897921634536392e-15,2.9419512039822223e-16,2.4955978310010456e+41,6.307713674443082e+40,0.6788331461813433,0.04427875101593925,13.076042188603582,0.07025247951622006,360.45544406481804,False,False
12278,150.1306103,2.429353475,0.25,4.070178161753003,1.5233597945934102e-15,2.660158733219233e-16,1.894607249553981e+41,4.654850903966288e+40,0.5887151133535145,0.04079526015726219,13.024294651034623,0.06828901767247708,350.67174682930454,False,False
12333,149.9169996,2.60124629,0.2460000067949295,8.568105229221128,3.980675295012471e-15,3.933454110870272e-16,4.827586197746601e+41,5.634368473069566e+40,0.7995976937153627,0.031353665913265646,13.242734219550263,0.032439899018764456,415.3086136440423,False,False
12395,150.0301242,2.375309807,0.2189999967813491,10.046792117206426,6.073412360955788e-15,5.39743192907704e-16,5.4284759150353005e+41,5.403193229944846e+40,0.844340829562506,0.02977636331734533,13.280036765062116,0.02766539460312497,431.7242631020642,False,False
12399,149.914251,2.40555338,0.22200000286102295,4.175693332213441,1.767848720917913e-15,3.239551579173765e-16,1.828885944115372e+41,4.379837786473465e+40,0.5667222133151599,0.04121065291477132,13.026592855935384,0.06656342942472429,355.0087552615611,False,False
12400,150.1221425,2.350449296,0.22200000286102295,10.584013774946902,3.9552522186951745e-15,4.920942984709135e-16,6.117786706785571e+41,5.780214233343873e+40,0.7399026250841843,0.03652987429656748,13.306647410103766,0.02626115898261626,440.1397392800376,False,False
12520,150.1131654,2.355703625,0.2199999988079071,10.611294199685325,3.9965322652904766e-15,4.936336104475401e-16,6.095627579745544e+41,5.744471376475744e+40,0.7375407546137402,0.036149881767416056,13.30654919755687,0.026193644543973122,440.4351672069554,False,False
12757,150.0560151,2.207021854,0.1870000064373016,8.259720042896147,4.335855086266555e-15,4.321530170854038e-16,3.0502183842449636e+41,3.692883497750428e+40,0.6729469805368813,0.02661601905098555,13.15811978768631,0.033651076183524344,397.83555844164806,False,False
12973,149.733526,1.953287303,0.123999997973442,3.8471947293412088,1.1135702529854796e-15,3.2217297154025055e-16,5.523097839492775e+40,1.435616917794683e+40,0.3192973780493399,0.036657791208401014,12.784308001020985,0.0722470495964931,305.43857019560636,False,False
13353,150.1925433,1.792636697,1.8509999513626099,3.745181069818559,1.0066368638774702e-15,2.544855054422612e-16,4.007967538087148e+43,1.0701665589379155e+43,2.14852880920672,0.21554148052122574,13.662433288001505,0.07421496136942368,312.51355869399566,True,False
13362,150.2412237,1.761973375,1.7300000190734863,2.610868111920109,1.3833465153795891e-15,4.619809762844138e-16,3.966561980519712e+43,1.5192502303774302e+43,2.2879221482307726,0.3032032230832842,13.699398268820795,0.10645825698704851,334.4334096532218,True,False
13407,149.8228328,1.908975627,1.440000057220459,2.2499508348682653,3.561829373678239e-16,1.609218007760801e-16,7.71145604656399e+42,3.4273886909246606e+42,1.297007302324083,0.2325324959038111,13.41907296431445,0.12353535202219433,297.9520566546468,False,False
13434,150.1998991,2.562118457,1.3990000486373901,3.4917727546707042,6.910118096186678e-16,1.9338192054294537e-16,1.1916016168082084e+43,3.412597842211482e+42,1.5847876781544679,0.17599524911769346,13.534673160644397,0.07960096144466694,330.41492705078315,False,False
13461,149.9125186,2.064741595,1.284000039100647,2.02064731809292,3.1743904489648075e-16,1.6165232795240973e-16,5.094646000943534e+42,2.521294020646732e+42,1.1567834157982235,0.23376157915621676,13.379539465751575,0.13755417183856108,305.9060772981586,False,True
13676,150.2185019,2.113892437,0.9894999861717224,3.3844780167921367,1.1138797479663013e-15,2.6894308670486876e-16,5.098663040605321e+42,1.5064843131815987e+42,1.4648835427683404,0.14035394895832862,13.492169625315839,0.08212447149576264,373.2943260937373,False,False
14240,150.4012453,2.373608219,2.9140000343322754,2.812698091721635,1.4332411575550075e-16,1.30749093388728e-16,1.0578556636953662e+44,3.7609996849959083e+43,1.473616835564984,0.5334619508988423,13.588936164591162,0.09881916201249692,219.06526824102656,True,False
14410,150.0550285,2.362152224,2.5179998874664307,4.623576281587271,1.3964846590208575e-15,2.869193224972465e-16,1.3121435124509943e+44,2.8379406600825814e+43,2.8810917992156044,0.2348984672810092,13.741112852006536,0.060115471550663296,272.7255716115802,True,False
14579,150.3663146,2.436204482,2.2850000858306885,3.4926238988459226,4.667838361130158e-16,1.7631755290629302e-16,5.923031899683168e+43,1.6958687998556989e+43,1.8933182345709885,0.2837937441017157,13.621504963327894,0.07958156287882141,265.49342390534224,True,False
14664,149.9539546,2.651015658,2.1700000762939453,2.6503512360791044,3.864933282198533e-16,1.993009292223797e-16,4.3768323212004246e+43,1.651415956352809e+43,1.7246309250856853,0.35290917611959705,13.584777612915643,0.10487231451981985,266.89868494621106,False,False
14665,150.0250405,2.218806733,2.1700000762939453,2.58323276109791,2.460890160178758e-16,1.7557626830462784e-16,4.576198508736825e+43,1.7715006474259316e+43,1.4851797750223095,0.42048651273049864,13.595108582950852,0.1075971444013234,269.02342074838924,True,False
14785,150.4505208,2.443650946,2.002000093460083,5.48209512680945,1.4067499791581742e-15,2.5839245840695505e-16,7.489443453306913e+43,1.366164446268142e+43,2.519299598932705,0.1836293907425791,13.760007367221048,0.05070113925218324,321.19775478687427,False,False
14922,149.8130662,2.161848749,1.7660000324249268,2.679717760138164,6.334013722374251e-16,2.2897259696838755e-16,2.285175706185869e+43,8.527673101170352e+42,1.7895578126573066,0.25671408777901833,13.559654507486655,0.10372303850527541,296.8783965071364,True,False
14932,149.8723099,2.34382258,1.746000051498413,4.938548827265841,2.719207439292349e-15,4.665203678524992e-16,6.480972172011898e+43,1.3123231942610962e+43,2.878422074982348,0.19596666670536003,13.807991648785851,0.056281405356067606,361.5868960706949,False,False
15633,150.2260721,2.113996203,1.1230000257492065,3.0241888109974115,7.72269058631927e-16,2.498554310151741e-16,7.013320136890317e+42,2.319074824755153e+42,1.4172615851135868,0.18195736289374043,13.514285959072025,0.0919084375311906,360.47262040669534,False,False
15638,150.1574132,2.135385131,1.121000051498413,2.5556152507906886,4.647711539950711e-16,1.9884567688193237e-16,5.024667260200879e+42,1.966128218497007e+42,1.196445514421884,0.2031278036637605,13.437714697082049,0.10875990364045836,340.1589991322219,False,False
15750,149.8089659,2.36082078,1.0720000267028809,2.4949953460106045,4.436384496401609e-16,1.8735324430939314e-16,3.932502192611486e+42,1.576156123457062e+42,1.1422348637938307,0.1914198228744729,13.399748228281197,0.11140239955257207,336.6966039238558,False,False
15852,149.8680635,2.281842302,1.0110000371932983,3.1890707007093493,6.972035333754888e-16,2.1075973893591425e-16,4.289321282606494e+42,1.3450066446166951e+42,1.273472571690274,0.1527626301901495,13.443644689559692,0.08715657146022404,356.6200411972094,False,False
16094,150.3907313,1.961107862,0.9580000042915344,2.338289038528543,7.216878029095583e-16,2.4706312324714564e-16,3.2480764886422696e+42,1.3890825450245641e+42,1.2401396261172417,0.16847233910311674,13.400004972895998,0.11886831090522101,352.1541538265887,False,False
16138,149.8152596,2.15050052,0.9509999752044678,5.39580652123898,1.7687177206775241e-15,3.341459986167405e-16,8.202949194956884e+42,1.520245242795201e+42,1.6600677296416655,0.12445232211091321,13.617640651084686,0.051511941231402576,417.3329000974918,False,False
16269,150.4384857,2.157000017,0.9290000200271606,3.4187861363310454,8.939348371140218e-16,2.2595648681391393e-16,3.713565378766102e+42,1.0862233642819806e+42,1.3025152825118604,0.13064754046029262,13.442555477132052,0.08130033799551101,368.0574742510274,False,False
16270,149.9245807,2.374107936,0.9270000159740448,2.157128682746964,3.542168242313341e-16,1.7752109725453538e-16,2.1187782630264123e+42,9.822215429115173e+41,0.9571780273272035,0.19035880435325223,13.313201255304302,0.12885113004205742,333.5363752049511,False,False
16306,150.1242118,2.344170545,0.925000011920929,3.2776456634040545,8.938954009130495e-16,2.109575535758317e-16,3.376133775276927e+42,1.0300484317058804e+42,1.298506374164059,0.12160513736099625,13.422050203700632,0.08480125582867705,362.8874362062589,False,False
16430,150.2103741,2.401141658,0.9049999713897704,5.765165193880359,1.4141801709907616e-15,2.58393637148367e-16,6.553917339899508e+42,1.1368134510449758e+42,1.4881560170327857,0.10790088220713036,13.583855110838536,0.04821170930420511,414.1619390385951,False,False
16545,150.3121175,2.242760173,0.8930000066757202,3.0601685923456357,4.858763511359852e-16,2.0858632247470766e-16,3.231937024169103e+42,1.0561303819185352e+42,1.0348417755823776,0.17629235429507922,13.42467064395128,0.09082782860830296,368.2914342325667,False,False
16685,150.4703432,2.416327035,0.8790000081062317,2.9966675723366123,1.6194854414362357e-15,4.1737384621542666e-16,5.516003052216295e+42,1.8407123643398542e+42,1.524383392792762,0.15589846937240828,13.55424819908021,0.09275251982700053,409.0898924861504,False,False
16872,150.1095361,2.007702,0.8460000157356262,4.862863697582812,1.5035696063902198e-15,2.733967440148111e-16,4.4831785925668365e+42,9.219214996289725e+41,1.4470533324716097,0.10441281313443294,13.519391467277236,0.057157363583158066,403.60530502496874,False,False
16984,150.4914727,2.234435844,0.8270000219345093,9.728116600760782,6.756010160681354e-15,4.808439308736667e-16,1.0370282140034432e+43,1.0660112913555572e+42,2.341305493129473,0.06612586833720488,13.72153156184252,0.02857166292562163,474.9659113739576,False,False
16992,150.0029268,2.154863426,0.8270000219345093,2.351977362617003,4.142941071609417e-16,1.7153256794229467e-16,1.6495963615514937e+42,7.0136574771962e+41,0.9289818812580886,0.1526316278718184,13.295147357738974,0.1181765066432497,342.4004865202571,False,False
17117,149.9680819,2.323335234,0.7910000085830688,3.361559973114731,7.728978099087086e-16,1.954840986479275e-16,2.0792481147596118e+42,6.185366708876642e+41,1.1058557391543427,0.11099088003192827,13.363354463526889,0.08268436994760547,366.0924122552661,False,False
17249,149.9139574,2.528270531,0.7369999885559082,23.03714479744447,4.42068368127092e-14,1.1345906090964246e-15,3.8046489353532567e+43,1.651527986131037e+42,4.011040987576359,0.04085133968029549,14.059403234994955,0.012065230776728643,638.4525710374802,False,False
17784,150.398846,2.399477851,0.7009999752044678,6.535392599220269,4.081677276999347e-15,3.7122297828371206e-16,4.422318338329701e+42,6.766721771018505e+41,1.756854154930659,0.06340614599229132,13.574883044118819,0.042529727816389015,446.6737144654838,False,False
17832,150.265779,2.369071261,0.6949999928474426,2.081865188459636,2.572650629818782e-16,1.2496319672807054e-16,7.707190284910659e+41,3.702060213905196e+41,0.6990258153052596,0.13473920735019326,13.172118892584407,0.13350935015332774,328.69892622356645,False,False
18388,149.9934445,2.257944621,0.6589999794960022,2.3451341576575326,1.044708104039473e-15,3.4014763220656327e-16,1.6754995106317535e+42,7.144578510192133e+41,1.0691189240803043,0.1381331655905034,13.366877085081814,0.11852135090459538,387.34530898946133,False,False
18480,150.3920194,2.433588958,0.6159999966621399,10.349752150863633,1.3936203075072351e-14,5.808916002157299e-16,5.370769037303755e+42,5.1892730946755986e+41,2.3984938614273084,0.03967242071872923,13.654557652247286,0.02685556758911253,491.60737057439235,False,False
18517,149.9870698,1.90980327,0.6079999804496765,2.0601236323536836,5.830925995845789e-16,2.0369998301658536e-16,7.096610966248618e+41,3.4447500406277876e+41,0.8304375493253906,0.11512241741409075,13.188402398840523,0.13491834376004222,344.8673411767175,False,False
18552,150.3831121,2.50836918,0.6019999980926514,3.7813858649159693,1.825978464058907e-15,2.444733526171946e-16,1.1855710162817128e+42,3.1352817687333765e+41,1.203019379723085,0.06391576039421938,13.30987041509308,0.0735043918677836,379.4943739815412,False,False
19243,150.103142,2.389932516,0.47200000286102295,10.406261096076149,6.676238746333584e-15,4.566043950829549e-16,2.857830215122776e+42,2.746260341478812e+41,1.5416324909515935,0.04183969814303819,13.566640382958562,0.026709734250554815,487.25224191645304,False,False
19434,149.8610226,2.316247439,0.42800000309944153,3.410738517481422,1.3858098840455834e-15,3.0611042754276714e-16,5.776457432723713e+41,1.6936089949777796e+41,0.8513206411124451,0.07462203562338558,13.213469647684212,0.08149216569768751,378.1999555285703,False,False
19547,150.3799202,2.495110266,0.40400001406669617,5.257591983823633,2.3699091047218343e-15,3.34078162546331e-16,9.234494777012495e+41,1.7564114532707844e+41,0.9738828362995486,0.05447817745718291,13.33184690865685,0.05286611613705718,418.16601234788124,False,False
19601,150.425655,2.44703525,0.3880000114440918,28.694496697298618,6.565324776436222e-14,1.2121022244639488e-15,8.483196708247611e+42,2.95638456312295e+41,2.8381789058495546,0.020793244512623904,13.852553573069725,0.009686473031752041,627.6014604479907,False,False
19637,150.1510816,2.055216699,0.382999986410141,4.984597598949105,2.043255831475493e-15,3.6874213742431403e-16,8.953784469570116e+41,1.7962903307295716e+41,0.890930631471009,0.06380333380626461,13.333014199542301,0.05576146577542801,422.05244678541493,False,False
19781,149.8365668,2.312454062,0.37299999594688416,2.6794552500508244,8.659410948791232e-16,2.809404745460075e-16,3.735504984247898e+41,1.3941285207793796e+41,0.6573567078149429,0.08463042452816533,13.134211695788206,0.10373320040064449,363.76433344414784,False,False
20512,150.4194655,2.352124612,0.3079999983310699,3.7954635915256145,1.0384704840113745e-15,2.443388953934393e-16,2.7369828843736602e+41,7.211195202832943e+40,0.6052307371128189,0.05650916421441207,13.087461610162535,0.07323175725850073,359.99908651559963,False,False
20734,150.0920622,2.482196642,0.248999997973442,2.0060905856237903,3.73680006176557e-16,1.8246593577949607e-16,8.235037062792997e+40,4.105017550955869e+40,0.36858240542189247,0.07141936697123741,12.831427407947254,0.13855230188005374,302.53529923716343,False,False
20975,150.4472032,2.419458491,0.21299999952316284,28.792096314247186,5.848421675874831e-15,5.229955721240393e-16,2.321256640830956e+42,8.062131410981454e+40,0.8170598989838525,0.0289943040700636,13.619264271380695,0.009653637768658893,561.3738515216246,False,False
21050,149.913851,2.082969303,0.18799999356269836,3.8009240214429623,8.214866207399838e-16,2.782937558692748e-16,1.174691409076674e+41,3.0905416747339263e+40,0.38943495015062146,0.05235249111039124,12.936445071157328,0.07312655208313329,335.4694078119396,False,False
21201,149.9106877,2.270269903,0.125,2.712841574360505,1.381982600466206e-15,2.9622073292687145e-16,3.2684014629164233e+40,1.20478891720276e+40,0.34493098933493205,0.02933894886917566,12.6622784176798,0.10245657949399482,278.03191883387547,False,False
21490,150.2042298,2.060657993,3.75,3.1647397785594236,2.540151632887173e-16,1.691431114794583e-16,3.807915248866e+44,1.2032317079160765e+44,2.0444515733994857,0.5402203752182723,13.697726808566294,0.08782664227281338,197.24844699624327,False,False
22298,150.0227397,2.329297536,1.659000039100647,2.142421488099535,3.55608839881301e-16,1.6607703251946405e-16,1.1163360125835838e+43,5.2106274082129616e+42,1.420809198378883,0.26331296729825737,13.429031547161735,0.12973566124219527,278.2827990739605,True,False
22640,150.4412119,2.166234733,1.156000018119812,3.241425284029301,6.283399975596036e-16,2.03839621960989e-16,6.73029140044549e+42,2.0763370464240048e+42,1.3503431431323296,0.17383511207078184,13.492132278754749,0.08574884319794446,349.95022312365705,False,False
22906,150.0418764,2.484636802,1.059000015258789,2.26352615842547,5.124925583841451e-16,1.902285609025185e-16,3.368480266876424e+42,1.488156102962632e+42,1.1879966130138577,0.17498580529391627,13.368881006822596,0.12279445827629609,330.4776017399066,False,False
23069,149.974356,2.555140188,1.003999948501587,2.738300905968833,4.943383215874064e-16,1.8278223688455732e-16,3.4165814215526854e+42,1.2477012347713011e+42,1.1308933797854173,0.1659322607007851,13.393626285372429,0.10150399023431673,344.13314146402155,False,False
23102,149.9132154,2.216976686,0.9940000176429749,2.3837185983186147,5.021101615077078e-16,1.924950687111449e-16,2.998452387194087e+42,1.2578885734704936e+42,1.1287762363884393,0.1717227816803778,13.367273577105388,0.11660288618553194,338.5711293296481,False,False
23180,150.2171241,2.37526787,0.9739999771118164,2.299295621023107,2.9188280523089003e-16,1.2607520633720864e-16,2.1123056326620664e+42,9.186750991689198e+41,0.9297705162507812,0.1593662690981866,13.29389420820578,0.12088418117127699,322.5629968231303,False,False
23380,149.9883686,2.385661848,0.9300000071525574,2.23271605130266,4.694774372399602e-16,1.7677871181272788e-16,2.1151205259276414e+42,9.473307296257359e+41,1.0531783937147094,0.15736807766492844,13.311609265275877,0.12448894621235616,332.73166164567823,False,False
23848,150.4106426,2.449774085,0.8159999847412109,15.027922751267974,3.0422184093526014e-14,8.945345447472745e-16,2.1716136763073422e+43,1.4450524615081037e+42,3.8163624173963284,0.04453031796281574,13.897385080515525,0.018495468270531886,546.020542306891,False,False
23875,150.3195878,2.492859093,0.8059999942779541,2.9844283750993887,5.461784399094061e-16,1.8384294607091522e-16,1.949569723458137e+42,6.532472816986976e+41,0.9992612563873675,0.1334722331242708,13.342361696454025,0.09313289966586139,358.0606408296237,False,False
24024,150.224301,2.10487405,0.7450000047683716,2.6837288005201327,-1.5188403830633424e-18,4.188585921791891e-18,1.7789131705354386e+42,6.62851317238414e+41,0.0004567656516744076,0.0,13.345798779536965,0.10356801639726489,367.9995170546894,False,False
26561,149.9312166,2.397945077,1.2100000381469727,2.238739730961037,3.3333179348648866e-16,1.4680002047485597e-16,4.316917786425178e+42,1.9282803296531614e+42,1.1293545677533936,0.1973690946944977,13.368711834887591,0.12415398921730153,311.87508367927916,False,False
26715,150.0480977,2.638802828,3.059999942779541,2.2413827712980177,2.64221643522339e-16,1.8403599543416566e-16,1.3189732693827622e+44,5.8846408845149e+43,1.8544320161426475,0.5125600587743048,13.60472158912936,0.1240075867350034,214.0219217631577,True,False
27253,150.327235,2.380008874,0.9869999885559082,2.5202810602680947,5.344329467523612e-16,2.021212749822499e-16,3.225919398251698e+42,1.2799839863529113e+42,1.1466167443738073,0.17208243557840114,13.38698401285714,0.11028471101890297,344.68092634954286,False,False
27371,150.4431678,2.292518823,0.9100000262260436,3.9446260918792024,9.61341095317357e-16,2.909510159582364e-16,4.3655312195759604e+42,1.1067034283840676e+42,1.314767789594464,0.15790318320861857,13.487624640034701,0.07046256399061329,383.9074597608515,False,False
27614,150.4436259,2.292853544,0.4199999868869781,3.339756608739221,1.3715573370189773e-15,3.258958968634519e-16,6.718027142899335e+41,2.0115319557479467e+41,0.8365197942409588,0.07887522408069984,13.2516861550244,0.08322416899805415,390.7077713626713,False,False
28274,150.0606772,2.390543748,1.0,4.165743156629405,1.879699362590559e-15,2.991453761309072e-16,6.46123968808516e+42,1.55104130167091e+42,1.755000633909537,0.11083339514018302,13.542976880651297,0.06672242093844676,386.53846989628533,False,False
28285,150.4401722,2.306747891,1.0,2.7556715249743955,5.469007979554408e-16,1.8910545094303666e-16,3.442300443281574e+42,1.2491693629245446e+42,1.16609594530787,0.16000340870607146,13.396934594075494,0.10086415086089177,345.55084632618497,False,False
28875,149.8189561,2.264201344,1.1959999799728394,4.165837035419444,1.5190461974665614e-15,3.02844829018466e-16,1.1794472952751105e+43,2.8312372405522e+42,1.8513881154964262,0.14646913322702543,13.60709496923184,0.06672091732222442,376.4741722298764,False,False
29098,149.9157028,2.396148728,1.0010000467300415,2.3857965742023564,4.3628905055816954e-16,2.2635119391894196e-16,3.261323565005509e+42,1.3669747036567308e+42,1.0827911473894107,0.22292184637802376,13.384016389992121,0.11650132765866998,342.00713276669995,False,False
29615,149.9610551,2.485183205,1.7039999961853027,3.1835554939946418,6.229177584877251e-16,1.98653303728654e-16,2.1428162287072375e+43,6.730890140754193e+42,1.7399749756252791,0.22019504473381568,13.565203566259973,0.08730756192012182,304.3179104103397,False,False
29939,150.4303473,2.313390886,0.9779999852180481,3.595602996099573,5.98687116510856e-16,2.0757250118193896e-16,4.6692234028663534e+42,1.2985925887622795e+42,1.182878870623426,0.16274574377937262,13.476288331217761,0.07730232417750046,370.4475694462069,False,False
30854,150.2865707,2.090714364,1.218999981880188,2.5129398554687046,4.2712269026330973e-16,1.662223602379783e-16,5.588555056513818e+42,2.2239111868721823e+42,1.2321778439588658,0.1902872351868818,13.425210873748473,0.11060689248618695,324.5959840504871,False,False
32677,150.0919821,2.142245989,1.6469999551773071,3.1001800773820927,6.882893727406767e-16,2.2410440107403745e-16,2.140543600054445e+43,6.904578271666076e+42,1.759906260755272,0.22738840583321793,13.584066589744515,0.08965558821756933,314.7199040556951,True,False
33757,150.2794975,2.418282374,1.633999943733215,6.535690774244194,1.9002201392008223e-15,2.6759541591520495e-16,4.3215697228824284e+43,6.612261614201273e+42,2.4509039694347483,0.13696213183350492,13.751409220908267,0.04252778750081301,359.4325280081909,True,False
34184,149.8891747,2.343160882,1.1610000133514404,3.658048832152235,1.1436881512979314e-15,2.65643593229398e-16,9.146826645526914e+42,2.5004659765969615e+42,1.6514297656305947,0.1522128408736377,13.56138454614056,0.07598271132278693,368.352153424985,False,False
34188,150.3734359,2.401353133,1.0870000123977661,2.7795534186769384,7.971606571586925e-16,2.111759590864972e-16,4.646145125145615e+42,1.671543742935932e+42,1.400307940066694,0.14720468401077316,13.43262728847386,0.09999752713886824,343.30156738046867,False,False
34480,149.998371,2.432750808,1.6414999961853027,3.3008692150193166,6.665493575153709e-16,1.9462266826872166e-16,1.93750389861988e+43,5.86967787091965e+42,1.7375832892760505,0.20132893617212128,13.562811341024823,0.08420462923928797,310.20399139180057,True,False
35078,150.4195468,2.423910507,2.4670000076293945,26.41650819464654,5.873711466173159e-14,1.4438117066733503e-15,2.216762332598625e+45,8.391579675348103e+43,9.819635452728601,0.09578395695915708,14.41065538029788,0.01052177170313558,462.31780697768926,True,False
35295,150.0506651,2.147133818,0.9835000038146972,3.833508938061325,1.3538794892720314e-15,2.865944494268964e-16,6.182189675474439e+42,1.6126712563766403e+42,1.5559734832806515,0.13070416195488,13.539221151795127,0.07250497466132026,387.93780529050315,False,False
35919,150.2116862,2.27563887,2.453000068664551,3.874013601974267,7.200756707186177e-16,2.1854942847195313e-16,9.536287563607448e+43,2.4616040477368443e+43,2.278741114551877,0.27445173774310927,13.684816725918688,0.07174690049524698,265.86673687813555,False,False
36165,150.2724334,2.417203548,0.2610000073909759,5.158821143744508,1.2092399732263777e-15,2.5172409739700073e-16,2.575134327916356e+41,4.991710811759614e+40,0.5629910110545916,0.04650645297023447,13.091313575024152,0.053878291313727025,367.6440076201484,False,False
36256,150.4392038,2.306055951,1.6410000324249268,3.340774728659061,6.506225653015949e-16,1.948307332614919e-16,1.9836537738757183e+43,5.93770587660045e+42,1.7233884104897843,0.20479104901774642,13.56844008355652,0.08319880596368305,311.5997919454773,True,False
36834,150.308258,2.404982256,0.6914999783039093,2.9546629657780263,1.2316697703278346e-15,3.436781266120244e-16,2.3967907938954125e+42,8.111892360163948e+41,1.1697315722613784,0.1295219222802641,13.436682422744171,0.09407112473990457,403.2794729001533,False,False
37001,150.1550957,1.791458233,1.6390000581741333,2.5114192515226748,4.044976163653347e-16,1.6029363423187258e-16,1.2197273046874989e+43,4.856725152313687e+42,1.4712814758720305,0.23136386729907157,13.456325882661421,0.11067386229900117,286.1014053735516,True,False
37012,149.778961,2.259608665,1.649999976158142,2.225537652952666,7.188165543478767e-16,3.2416664009892e-16,2.2312098447966463e+43,1.0025486838366698e+43,1.7874549100043975,0.3198783180049408,13.592675243286138,0.12489048120543872,316.4851767437048,False,False
37411,150.0435893,2.37334107,1.6369999647140503,6.591590497623442,3.2760340806621207e-15,3.8077630970071403e-16,5.504235443422156e+43,8.350390464041529e+42,2.9387457453879646,0.13554483776234594,13.806496830244463,0.04216713227532775,374.5743568754979,True,False
37734,150.2469876,1.761961424,0.5090000033378601,2.702602865561373,1.412124119781547e-15,3.810283254528799e-16,1.0628116866153274e+42,3.93254850780514e+41,0.9751469464683743,0.10441284164126471,13.322290761075665,0.10284473237259992,397.92114592888856,False,False
38719,149.8592596,2.056819338,0.9879999756813049,2.1211489648873303,3.5795421011734544e-16,1.769937767235778e-16,2.5708657774147013e+42,1.212015666967199e+42,1.0048249902523883,0.1971607258652413,13.333948282387658,0.1310367508454763,330.80156899620937,False,False
39255,150.0279446,2.338380749,0.3799999952316284,2.21873413326216,7.044091544304009e-16,2.139249587900203e-16,2.4042548258750843e+41,1.0836155580029577e+41,0.6225096149798279,0.07502085139586379,13.029249524199225,0.1252734450023623,334.67892117714564,False,False
39844,149.7808467,2.113342584,1.690000057220459,2.3614136530517995,4.926822256338559e-16,2.038964722346153e-16,1.5839859917382288e+43,6.707787048199484e+42,1.6015457264018567,0.2630156672952316,13.499786975779763,0.1177042692451919,290.7712163944219,True,False
39886,150.2583495,2.047375095,1.1299999952316284,2.134889428428352,3.6084580533822347e-16,1.7139667955769273e-16,4.007142083849503e+42,1.8769787467632236e+42,1.1063461923052655,0.2085312985570364,13.381786813768011,0.13019337897171535,324.7431272648967,False,False
41281,150.4763421,2.405007926,1.4220000505447388,3.1151593366884422,1.318877744153519e-15,4.3008539493763053e-16,2.5066027748559095e+43,8.046467303725607e+42,1.9842714620251776,0.2567737955325824,13.698896098769971,0.0892244788716179,371.71808302180466,False,False
42345,149.8447229,2.006548181,2.3489999771118164,2.187370001661469,1.0661643869302805e-15,4.774272887388691e-16,8.55273026494857e+43,3.910051915520528e+43,2.5298588195243985,0.4495508384653175,13.688523427846894,0.12706970846585564,274.46366035336797,True,False
43053,150.0493904,2.426819447,1.6640000343322754,3.267868681939798,6.097823328602433e-16,1.881872972488092e-16,1.948774205422787e+43,5.963440991961769e+42,1.701843169104937,0.20841763454630519,13.556569012959267,0.0850549686877539,306.3848914133187,True,False
43990,149.8704114,2.418892005,0.414000004529953,2.877982181263838,1.0965989162252504e-15,2.4301984652736323e-16,4.0107559150361075e+41,1.3935999816631329e+41,0.7684707358621388,0.06758039454549208,13.13444499704694,0.0965775501417534,357.9430654604441,False,False
44487,150.2733461,2.415261433,2.4639999866485596,5.09529047850406,1.260844163140532e-15,2.4344714083466184e-16,1.160870247626138e+44,2.278320053633058e+43,2.7503385856324387,0.21073122270783778,13.727406939307652,0.05455007316868122,273.87250466959676,True,False
44786,149.9347394,2.356513512,1.0989999771118164,2.00604545893737,3.0146728383745203e-16,1.407317366921104e-16,2.8254054957242774e+42,1.4084453984512065e+42,1.0225668823308307,0.1894275060330258,13.31264232111247,0.13855541866200494,311.65074719047067,False,False
45108,149.8056065,2.359756203,1.3420000076293945,3.062880728244987,4.3488736386839543e-16,1.9035331291327237e-16,9.802434283799376e+42,3.2003969966588e+42,1.3224470844987382,0.2297002212174663,13.510028952721914,0.09074740190008772,330.9955694792134,False,False
45933,150.430606,2.488991203,1.309999942779541,3.4877992275529297,5.746795336917299e-16,1.821524770779188e-16,9.407101701728353e+42,2.697145416919097e+42,1.4270922309623788,0.17949851167453348,13.512194218649785,0.0796916480232987,335.45820000163786,False,False
47976,150.4307478,2.306520561,2.465000033378601,3.987396229467663,9.238016243121875e-16,2.310288694966857e-16,9.922950366566245e+43,2.488578961186159e+43,2.481758763579994,0.24628987299836405,13.690741869191577,0.06970675910359392,266.1997308696298,False,False
48580,150.014169,2.34148114,1.2389999628067017,2.213193615994684,3.6074135796949907e-16,1.6192859654903045e-16,5.025517892848086e+42,2.2707086522068463e+42,1.1780918890463328,0.2098486797414666,13.393093760853171,0.1255870550183029,314.3259652399531,False,False
49336,150.1303744,2.54761252,0.9829999804496765,2.7956283894152114,1.4149169263958154e-16,1.4123593992631992e-16,3.275254865684321e+42,1.1715630296519625e+42,0.7363122826573076,0.29165927162346367,13.392077847301824,0.09942253751265642,346.57717873305427,False,False
50739,150.3067203,2.004240538,0.9639999866485596,2.623011399625898,4.33148276292554e-16,1.8805485039584136e-16,3.072755005661158e+42,1.1714607897241329e+42,1.051898178444038,0.181226253029374,13.384765402007178,0.10596540619599404,347.23347263238986,False,False
50827,150.2281856,2.354325252,1.7050000429153442,2.0855205998059407,3.4703330568669616e-16,1.667729496522959e-16,1.1778828257049722e+43,5.647907893187797e+42,1.4340981607380066,0.2734845463483545,13.426083052285584,0.13327534067222566,273.4068077206944,False,False
50856,149.9371982,2.428499799,1.340999960899353,2.448624919712815,4.0856037069433733e-16,1.6364298512654578e-16,6.970281274700779e+42,2.846610445963395e+42,1.2947383227428944,0.2057892177378719,13.43131109456857,0.11351206392634448,311.7033799115843,False,False
51061,149.851347,2.000850539,0.9909999966621399,2.5909203758897292,2.1110540867154087e-15,6.157978986709544e-16,1.023221977908365e+43,3.949260608045463e+42,1.8122040141340579,0.20977097147843796,13.653134292771519,0.10727788897126292,422.13341039602653,False,False
51406,149.8557169,2.013123996,1.3384999632835388,2.796624251825554,4.284243091154376e-16,2.0446491918061062e-16,9.525387687535942e+42,3.4060305675022484e+42,1.3136156823710652,0.24877829319520256,13.504656221263634,0.09938713369758005,330.055199024446,False,False
52612,150.4116136,2.113281237,0.9769999980926514,2.5034529368671303,3.0618753583840364e-16,1.6917541166700256e-16,2.911377067167684e+42,1.1629445971574914e+42,0.946670538432328,0.2075620995626608,13.367126029331441,0.11102604100315594,340.80874339302727,False,False
54234,150.3198097,2.453894435,1.3339999914169312,2.9425113559704896,1.0766276264403406e-15,4.0195776498750344e-16,1.2629097283708093e+43,4.2919451298235696e+42,1.7783022048934596,0.2634631798687876,13.57171363759404,0.09445960772729427,348.0596612972492,False,False
54892,150.3838274,1.94310905,1.0260000228881836,2.168580203677207,6.942981973010623e-16,2.1585434712833726e-16,3.156489484617386e+42,1.455555796029589e+42,1.2849122565515971,0.15852132465611535,13.36665294586419,0.12817071185412968,334.18688273549174,False,False
55439,149.8789991,2.157763619,2.3480000495910645,2.06261013939775,5.491519523595906e-17,1.18862115796851e-16,4.0425720620806304e+43,1.9599302771104372e+43,0.9472259988961053,0.8135869871486722,13.515003813139762,0.13475569770021478,240.30763419582905,False,False
55558,150.3156133,2.524846034,0.5879999995231628,2.0960056613557834,2.7259327345045597e-16,1.249541336554037e-16,4.9573256933838525e+41,2.365129915811987e+41,0.6297775770713759,0.11455713555773599,13.11333907083762,0.13260864392813354,328.2288672221384,False,False
57455,149.7448008,1.98055926,1.2330000400543213,2.031815507504114,2.0515887311915345e-16,1.6657770138676739e-16,5.3730881795191616e+42,2.6444764102226356e+42,0.9740679973024108,0.3138450578706833,13.410846729606668,0.1367980839754066,319.35483669835247,False,False
57989,150.2689904,1.788188312,2.4820001125335693,2.4023738567946453,4.082765879285561e-16,1.6967729822368753e-16,5.175089431637927e+43,2.15415657184297e+43,1.9014002797966172,0.3135756104319805,13.535107770068059,0.11569742470846417,235.130460852399,False,False
58798,150.4187688,2.467125712,1.4249999523162842,6.159660373177663,2.6429874283733748e-15,3.157675966883653e-16,2.774964665092094e+43,4.505061151059108e+42,2.5013133167123174,0.1185878017860295,13.721413387556906,0.04512399248965284,377.79230719896344,False,False
59060,150.2431626,1.791864205,2.3570001125335693,2.4616906122026667,2.6557104582229333e-16,1.5109380780133494e-16,4.513296450458921e+43,1.833413357505768e+43,1.59986944637835,0.3612018334641321,13.538014352952851,0.11290958621700187,243.9694595775392,False,False
60996,149.8986009,2.232442754,1.8839999437332153,2.835282895390091,6.868837667399847e-16,2.3664471524030806e-16,2.9803379078416966e+43,1.0511606840669946e+43,1.9140139052389453,0.2616725130515504,13.583199411896898,0.09803200550816277,290.99237660596305,True,False
62291,150.0330084,2.20316228,1.9950000047683716,2.6156757400189368,7.85649172554201e-16,2.920964960424454e-16,3.980365783054302e+43,1.521735176174966e+43,2.0729000353171516,0.3058267770702491,13.61555733194509,0.1062625860558958,288.11156144610635,False,False
63709,149.9107781,2.531198835,2.437999963760376,15.963345658559286,3.461598431687045e-14,1.1273467874905193e-15,7.394305620125066e+44,4.632052564845866e+43,8.185756775250725,0.10578866622695575,14.163984902914127,0.017411667601712907,385.6399374520688,True,False
64781,150.0156029,2.37777267,1.1549999713897705,3.590092433688581,9.944452099125854e-16,2.2340484347393843e-16,7.188771964462958e+42,2.0023918874637374e+42,1.5711153702338112,0.1400616572986782,13.507797479420459,0.07742097830403424,354.3182755241927,False,False
70262,150.0701873,2.187780321,1.1299999952316284,3.755502156357759,6.089961491538433e-16,2.2036295941876534e-16,8.118862812832388e+42,2.1618581150560162e+42,1.3156900498929966,0.18891963560702202,13.545555685274635,0.07401099955369139,368.23883884428534,False,False
70512,150.2152556,2.468604222,1.7100000381469727,2.419451548481944,4.71637523624965e-16,1.813265126957095e-16,1.4759667936475618e+43,6.100418892759556e+42,1.5903882847109765,0.24263619452610274,13.47674293777232,0.11488077477413285,283.77434429348574,True,False
70799,149.9850734,1.91022775,2.312000036239624,2.100222034103493,4.692604874681626e-16,1.9701996080360067e-16,3.8779905664309e+43,1.846466946570376e+43,1.909885034408546,0.3182020152405686,13.515564268765901,0.13234242089871556,242.87810576390802,False,False
71947,149.8507196,2.135868861,0.9789999723434448,3.6292361851426906,7.300109876064888e-16,2.4765681133599313e-16,6.011459124835085e+42,1.6563978804809397e+42,1.2640756532397917,0.1701740778746508,13.534497461006902,0.07658594101864798,387.22056139745837,False,False
72196,150.1212912,2.424110782,1.4010000228881836,2.845493459062574,4.808002194660475e-16,1.6549304408010547e-16,9.236731615756063e+42,3.2460913190076474e+42,1.4067671112534554,0.19214839130928432,13.474882525240663,0.09768023452411982,315.36735231617405,False,False
74110,150.5345129,2.340834906,1.4780000448226929,2.0769106911171167,3.530685367798929e-16,1.6754207777612508e-16,7.915953824976646e+42,3.811407904457779e+42,1.3155195343428727,0.24772032431366336,13.411680130758382,0.13382783843660598,292.2988349920796,False,False
76381,150.0069232,2.056705211,1.6319999694824219,2.3492986854329203,4.3074418581971144e-16,1.8175832247283597e-16,1.2782143660026663e+43,5.4408337855393707e+42,1.498122325835737,0.2508543388277498,13.469559882096698,0.11831125183933854,289.709251007033,False,False
79093,149.9236366,2.595082451,1.340000033378601,6.814992693686348,2.3214383104927087e-15,3.065382491892754e-16,2.68619207904838e+43,3.9415920159928614e+42,2.3003853172928013,0.12053899646194305,13.744562636542662,0.04078485200366868,396.56769089155506,False,False
80626,150.4452915,2.317020087,2.4860000610351562,2.538692509359345,5.538795552898193e-16,1.8487248941008837e-16,5.457055577613309e+43,2.1495535822061535e+43,2.1054351408428076,0.2788677424667846,13.546321314170804,0.10948488932526261,236.904068354599,True,False
80792,150.4689011,2.48170786,1.7599999904632568,3.252314384164252,6.435214617847466e-16,1.931599366297472e-16,2.3109243688792043e+43,7.105476580404582e+42,1.7951266594599204,0.21382012284061103,13.564219562879014,0.08546174680142604,298.507494282921,True,False
83621,150.0352992,2.218544974,2.0980000495910645,2.091714883338638,1.6340849120955984e-16,1.406097924700797e-16,2.678784063284748e+43,1.280664054466675e+43,1.2707728431019818,0.433918664926626,13.492346011453021,0.1328806667830563,254.01253475128848,True,False
89636,150.0890857,2.411255145,2.2950000762939453,7.174197876924754,1.9097291166057533e-15,2.626327444594425e-16,1.4480802678307341e+44,2.0184559900255482e+43,3.0265615401892108,0.16516806108483115,13.825983156255623,0.03874279371525012,309.71988698662744,True,False
93013,150.3868709,2.423211282,1.3339999914169312,6.157611325161395,2.751057339691507e-15,3.055588212556389e-16,2.216613324630539e+43,3.599794153250556e+42,2.4261493291758542,0.10693310337438788,13.702188960463218,0.04513900825183959,384.72062315747405,False,False
97854,150.29423,2.269026706,1.1239999532699585,4.754693371916563,1.2848700359960376e-15,2.414998992318708e-16,9.495526343908335e+42,1.9970849014141147e+42,1.6785157521956373,0.12519374563927463,13.584180049750678,0.058457706244481385,380.1925989538836,False,False
98083,150.3232837,2.066516587,1.9800000190734863,2.62357873429444,6.271141579980372e-16,2.3440920440005776e-16,3.1369272904403847e+43,1.195667295757373e+43,1.9149594817142224,0.28404497040197735,13.56496524036191,0.10594249175175977,278.4279217182709,False,False
98545,150.1270934,2.359784538,2.7669999599456787,3.455679036136976,1.1324523868059932e-15,3.9815835639039525e-16,1.986756356522377e+44,5.749250250808379e+43,2.837501153449927,0.3958871355443312,13.771948370158201,0.08043237393041956,261.56976088537203,True,True
99024,150.3752329,2.504858212,1.253999948501587,2.550368384814626,3.6711366647026376e-16,1.4666762358330468e-16,5.450201291579986e+42,2.1370251152858975e+42,1.194632347623156,0.18939453030373954,13.406315322707732,0.10898365509588281,315.757974713568,False,False
100548,150.1912039,2.564321649,2.2309999465942383,3.0572155564812187,3.5663973694565596e-16,1.5610536248001668e-16,4.391707632711963e+43,1.436505719526926e+43,1.707420982973407,0.2965706470808973,13.567707308444716,0.09091556132796644,258.7579494148569,True,False
108874,150.336266,1.924138668,1.616000056266785,2.806040207018882,7.560086285756834e-16,2.6790391214795944e-16,2.1912635857794448e+43,7.809095465910763e+42,1.7935013974516603,0.2522048778421118,13.60000944270143,0.09905362999533482,321.96538537336147,False,False
123533,150.1983487,1.804201091,1.2640000581741333,2.02380924539537,3.6101539411481764e-16,1.6103112470813428e-16,4.7470410425786236e+42,2.3455970731328702e+42,1.1944158136975496,0.2114166120657615,13.37056012202246,0.1373392621120185,306.0684102750099,False,False
129720,150.1006107,2.436934803,0.8169999718666077,3.2208932221311612,8.19192682736959e-16,1.9600058002661202e-16,2.1605056725999802e+42,6.7077842188461105e+41,1.154067466804172,0.10957259567389215,13.361752917403395,0.08629546192598446,361.81743904142064,False,False
150672,150.0198928,2.270072306,2.4000000953674316,2.540589092474006,3.585710031736538e-16,2.0083834432782987e-16,6.784237901797772e+43,2.670340482014481e+43,1.7859834199507802,0.39696146370463553,13.62050568693606,0.10940315741787943,256.80300390271293,False,False
152191,150.2900463,2.096023792,1.7899999618530273,3.4985219790338515,7.533409158388339e-16,2.0903680463663972e-16,2.815697014010989e+43,8.04824731953969e+42,1.9114625383238069,0.2104730296530385,13.600239208995308,0.0794473980966211,303.87877149341375,False,False
153431,150.2675654,1.78426249,3.4769999980926514,2.49269247097494,1.8428436090900927e-16,1.3818610910932204e-16,1.727561918683153e+44,6.930505623132363e+43,1.7652772919251112,0.5252768990782074,13.572283584640408,0.11150531870839653,189.82234946319832,False,False
